1, 127.463310,
1, 103.983231,
1, 101.467506,
1, 101.467506,
1, 100.628929,
1, 90.566040,
1, 93.081764,
1, 92.243187,
1, 102.306076,
1, 92.243187,
1, 93.920334,
1, 98.113205,
1, 93.081764,
1, 93.081764,
1, 93.081764,
1, 97.274635,
1, 98.113205,
1, 93.081764,
1, 93.081764,
1, 98.951782,
1, 98.113205,
1, 95.597481,
1, 107.337524,
1, 94.758911,
1, 93.081764,
1, 93.081764,
1, 92.243187,
1, 92.243187,
1, 92.243187,
1, 92.243187,
1, 92.243187,
1, 92.243187,
1, 92.243187,
1, 96.436058,
1, 94.758911,
1, 94.758911,
1, 93.081764,
1, 93.920334,
1, 152.620544,
1, 88.050316,
1, 4373.165527,
1, 175.262054,
1, 175.262054,
1, 174.423477,
1, 177.777771,
1, 105.660378,
1, 87.211739,
1, 937.526184,
1, 164.360580,
1, 2685.953857,
1, 88.050316,
1, 85.534592,
1, 287.631042,
1, 182.809219,
1, 188.679245,
1, 185.324951,
1, 175.262054,
1, 183.647797,
1, 181.970657,
1, 181.970657,
1, 213.836472,
1, 177.777771,
1, 180.293503,
1, 170.230606,
1, 182.809219,
1, 183.647797,
1, 294.339630,
1, 44.444443,
1, 294.339630,
1, 182.809219,
1, 74.633125,
1, 84.696014,
1, 276.729553,
1, 186.163528,
1, 179.454926,
1, 176.939209,
1, 176.100632,
1, 23.480083,
1, 89.727463,
1, 281.761017,
1, 202.096436,
1, 176.939209,
1, 181.132080,
1, 133.333328,
1, 84.696014,
1, 1042.348022,
1, 187.002090,
1, 174.423477,
1, 175.262054,
1, 176.939209,
1, 174.423477,
1, 174.423477,
1, 184.486374,
1, 182.809219,
1, 53.668762,
1, 292.662476,
1, 199.580719,
1, 179.454926,
1, 177.777771,
1, 188.679245,
2, 191.194962,
2, 172.746338,
2, 227.253662,
2, 199.580719,
2, 181.970657,
2, 181.970657,
2, 173.584900,
2, 174.423477,
2, 181.970657,
2, 187.840668,
2, 168.553452,
2, 175.262054,
2, 175.262054,
2, 38.574425,
2, 302.725372,
2, 254.926620,
2, 190.356400,
2, 789.937134,
2, 2542.557617,
2, 96.436058,
2, 82.180290,
2, 85.534592,
2, 305.241089,
2, 186.163528,
2, 180.293503,
2, 246.540878,
2, 202.935013,
2, 196.226410,
2, 181.132080,
2, 176.939209,
2, 176.939209,
2, 184.486374,
2, 569.392029,
2, 101.467506,
2, 111.530396,
2, 118.238991,
2, 112.368973,
2, 109.014671,
2, 143.396225,
2, 110.691826,
2, 109.014671,
2, 110.691826,
2, 114.046120,
2, 108.176102,
2, 109.014671,
2, 107.337524,
2, 111.530396,
2, 109.853249,
2, 109.014671,
2, 109.853249,
2, 109.014671,
2, 108.176102,
2, 109.014671,
2, 109.014671,
2, 109.014671,
2, 110.691826,
2, 109.014671,
2, 109.014671,
2, 108.176102,
2, 109.014671,
2, 109.014671,
2, 108.176102,
2, 109.014671,
2, 109.853249,
2, 140.041931,
2, 497.274628,
2, 98.951782,
2, 99.790359,
2, 119.077568,
2, 108.176102,
2, 121.593292,
2, 109.853249,
2, 108.176102,
2, 108.176102,
2, 108.176102,
2, 108.176102,
2, 109.014671,
2, 109.014671,
2, 109.014671,
2, 109.853249,
2, 88.050316,
2, 383.228516,
2, 106.498955,
2, 109.853249,
2, 109.853249,
2, 112.368973,
2, 84.696014,
2, 84.696014,
2, 31.027254,
2, 271.698120,
2, 72.117401,
2, 84.696014,
2, 84.696014,
2, 84.696014,
2, 251.572327,
2, 74.633125,
2, 77.148849,
2, 83.857445,
2, 83.857445,
2, 262.473785,
3, 69.601677,
3, 84.696014,
3, 98.113205,
3, 83.857445,
3, 84.696014,
3, 74.633125,
3, 84.696014,
3, 83.857445,
3, 84.696014,
3, 72.117401,
3, 95.597481,
3, 297.693909,
3, 72.117401,
3, 84.696014,
3, 84.696014,
3, 93.920334,
3, 93.920334,
3, 95.597481,
3, 85.534592,
3, 85.534592,
3, 87.211739,
3, 332.075470,
3, 76.310272,
3, 87.211739,
3, 86.373169,
3, 86.373169,
3, 84.696014,
3, 85.534592,
3, 85.534592,
3, 85.534592,
3, 1059.119507,
3, 72.955978,
3, 84.696014,
3, 87.211739,
3, 911.530396,
3, 164.360580,
3, 2381.551270,
3, 82.180290,
3, 85.534592,
3, 86.373169,
3, 285.115295,
3, 66.247383,
3, 145.073380,
3, 506.498962,
3, 263.312378,
3, 196.226410,
3, 203.773590,
3, 204.612152,
3, 165.199158,
3, 171.069183,
3, 175.262054,
3, 186.163528,
3, 200.419281,
3, 173.584900,
3, 184.486374,
3, 65.408806,
3, 102.306076,
3, 291.823914,
3, 186.163528,
3, 181.970657,
3, 213.836472,
3, 177.777771,
3, 216.352203,
3, 373.165619,
3, 181.970657,
3, 204.612152,
3, 174.423477,
3, 174.423477,
3, 40.251572,
3, 300.209656,
3, 192.033539,
3, 183.647797,
3, 179.454926,
3, 177.777771,
3, 181.132080,
3, 176.100632,
3, 47.798740,
3, 298.532501,
3, 191.194962,
3, 8295.177734,
3, 9092.662109,
3, 88.050316,
3, 689.308167,
3, 50.314465,
3, 476.310272,
3, 51.991615,
3, 86.373169,
3, 285.953888,
3, 187.002090,
3, 179.454926,
3, 178.616348,
3, 187.840668,
3, 51.991615,
3, 290.985321,
3, 183.647797,
3, 71.278824,
3, 84.696014,
3, 298.532501,
3, 189.517822,
3, 373.165619,
4, 372.327057,
4, 881.341736,
4, 365.618439,
4, 377.358490,
4, 2022.641479,
4, 158.490570,
4, 98.113205,
4, 87.211739,
4, 85.534592,
4, 280.083862,
4, 170.230606,
4, 178.616348,
4, 180.293503,
4, 176.939209,
4, 212.997910,
4, 175.262054,
4, 175.262054,
4, 176.100632,
4, 175.262054,
4, 178.616348,
4, 183.647797,
4, 182.809219,
4, 237.316559,
4, 231.446548,
4, 190.356400,
4, 911.530396,
4, 81.341721,
4, 1096.016724,
4, 192.033539,
4, 198.742142,
4, 73.794548,
4, 88.050316,
4, 280.083862,
4, 187.002090,
4, 202.935013,
4, 180.293503,
4, 55.345913,
4, 302.725372,
4, 190.356400,
4, 183.647797,
4, 181.970657,
4, 182.809219,
4, 176.939209,
4, 175.262054,
4, 217.190781,
4, 183.647797,
4, 183.647797,
4, 173.584900,
4, 176.939209,
4, 176.939209,
4, 178.616348,
4, 176.939209,
4, 228.930817,
4, 179.454926,
4, 178.616348,
4, 188.679245,
4, 175.262054,
4, 72.955978,
4, 91.404610,
4, 87.211739,
4, 255.765198,
4, 178.616348,
4, 30.188679,
4, 98.951782,
4, 276.729553,
4, 184.486374,
4, 181.132080,
4, 177.777771,
4, 178.616348,
4, 176.939209,
4, 176.939209,
4, 227.253662,
4, 190.356400,
4, 191.194962,
4, 174.423477,
4, 193.710693,
4, 175.262054,
4, 185.324951,
4, 182.809219,
4, 27.672956,
4, 90.566040,
4, 276.729553,
4, 185.324951,
4, 155.974838,
4, 74.633125,
4, 86.373169,
4, 301.048218,
4, 238.155136,
4, 73.794548,
4, 88.888885,
4, 1003.773560,
4, 3001.257812,
4, 93.081764,
4, 305.241089,
4, 184.486374,
4, 180.293503,
4, 177.777771,
4, 196.226410,
4, 175.262054,
4, 175.262054,
5, 220.545074,
5, 185.324951,
5, 179.454926,
5, 185.324951,
5, 177.777771,
5, 177.777771,
5, 176.939209,
5, 176.939209,
5, 31.027254,
5, 95.597481,
5, 276.729553,
5, 186.163528,
5, 192.872116,
5, 176.939209,
5, 178.616348,
5, 177.777771,
5, 177.777771,
5, 30.188679,
5, 92.243187,
5, 277.568146,
5, 186.163528,
5, 182.809219,
5, 179.454926,
5, 180.293503,
5, 214.675049,
5, 178.616348,
5, 76.310272,
5, 462.054504,
5, 98.951782,
5, 111.530396,
5, 111.530396,
5, 115.723274,
5, 111.530396,
5, 113.207550,
5, 114.046120,
5, 111.530396,
5, 112.368973,
5, 113.207550,
5, 112.368973,
5, 111.530396,
5, 119.077568,
5, 112.368973,
5, 113.207550,
5, 119.077568,
5, 111.530396,
5, 111.530396,
5, 122.431870,
5, 112.368973,
5, 114.884697,
5, 112.368973,
5, 113.207550,
5, 111.530396,
5, 111.530396,
5, 111.530396,
5, 112.368973,
5, 111.530396,
5, 111.530396,
5, 109.853249,
5, 110.691826,
5, 623.060791,
5, 100.628929,
5, 110.691826,
5, 74.633125,
5, 119.077568,
5, 110.691826,
5, 109.853249,
5, 109.014671,
5, 109.014671,
5, 109.853249,
5, 109.014671,
5, 105.660378,
5, 109.853249,
5, 110.691826,
5, 353.878418,
5, 250.733749,
5, 961.006287,
5, 80.503143,
5, 3210.062988,
5, 90.566040,
5, 88.888885,
5, 88.888885,
5, 88.888885,
5, 87.211739,
5, 85.534592,
5, 97.274635,
5, 304.402527,
5, 70.440254,
5, 116.561844,
5, 92.243187,
5, 89.727463,
5, 104.821800,
5, 270.859528,
5, 80.503143,
5, 87.211739,
5, 87.211739,
5, 87.211739,
5, 271.698120,
5, 72.955978,
5, 87.211739,
5, 87.211739,
6, 93.081764,
6, 92.243187,
6, 264.150940,
6, 74.633125,
6, 88.050316,
6, 85.534592,
6, 51.991615,
6, 88.050316,
6, 275.890991,
6, 73.794548,
6, 87.211739,
6, 88.050316,
6, 89.727463,
6, 252.410904,
6, 72.955978,
6, 85.534592,
6, 111.530396,
6, 89.727463,
6, 88.050316,
6, 92.243187,
6, 399.161438,
6, 88.888885,
6, 2951.781982,
6, 197.064987,
6, 171.907761,
6, 66.247383,
6, 327.044037,
6, 2591.195068,
6, 183.647797,
6, 82.180290,
6, 338.784058,
6, 197.903564,
6, 192.033539,
6, 221.383652,
6, 178.616348,
6, 198.742142,
6, 194.549271,
6, 267.505249,
6, 179.454926,
6, 181.970657,
6, 176.939209,
6, 177.777771,
6, 177.777771,
6, 185.324951,
6, 223.899368,
6, 71.278824,
6, 1011.320740,
6, 2416.771484,
6, 225.576523,
6, 72.955978,
6, 98.113205,
6, 290.146759,
6, 181.970657,
6, 180.293503,
6, 202.096436,
6, 166.037735,
6, 193.710693,
6, 38.574425,
6, 313.626831,
6, 212.159332,
6, 197.903564,
6, 177.777771,
6, 187.840668,
6, 119.077568,
6, 286.792450,
6, 206.289307,
6, 182.809219,
6, 180.293503,
6, 179.454926,
6, 178.616348,
6, 173.584900,
6, 176.939209,
6, 179.454926,
6, 41.928722,
6, 290.985321,
6, 201.257858,
6, 182.809219,
6, 26.834381,
6, 88.888885,
6, 301.048218,
6, 198.742142,
6, 180.293503,
6, 27.672956,
6, 91.404610,
6, 287.631042,
6, 198.742142,
6, 202.096436,
6, 176.939209,
6, 178.616348,
6, 177.777771,
6, 177.777771,
6, 28.511530,
6, 91.404610,
6, 280.922424,
6, 187.840668,
6, 183.647797,
6, 193.710693,
6, 181.132080,
6, 179.454926,
6, 181.970657,
7, 57.861637,
7, 303.563934,
7, 196.226410,
7, 237.316559,
7, 186.163528,
7, 870.440247,
7, 2577.777832,
7, 195.387848,
7, 77.148849,
7, 91.404610,
7, 285.115295,
7, 207.127884,
7, 207.966461,
7, 175.262054,
7, 180.293503,
7, 196.226410,
7, 175.262054,
7, 177.777771,
7, 181.132080,
7, 29.350105,
7, 88.050316,
7, 283.438141,
7, 188.679245,
7, 181.132080,
7, 173.584900,
7, 183.647797,
7, 177.777771,
7, 178.616348,
7, 30.188679,
7, 92.243187,
7, 283.438141,
7, 189.517822,
7, 183.647797,
7, 181.132080,
7, 228.930817,
7, 233.962265,
7, 192.872116,
7, 180.293503,
7, 188.679245,
7, 190.356400,
7, 199.580719,
7, 174.423477,
7, 77.148849,
7, 135.010483,
7, 109.014671,
7, 292.662476,
7, 166.037735,
7, 97.274635,
7, 411.740051,
7, 330.398315,
7, 4773.165527,
7, 696.016785,
7, 382.389923,
7, 93.081764,
7, 1002.934998,
7, 173.584900,
7, 2636.478027,
7, 188.679245,
7, 76.310272,
7, 91.404610,
7, 279.245270,
7, 186.163528,
7, 187.002090,
7, 179.454926,
7, 179.454926,
7, 188.679245,
7, 178.616348,
7, 176.939209,
7, 178.616348,
7, 178.616348,
7, 60.377357,
7, 298.532501,
7, 194.549271,
7, 196.226410,
7, 198.742142,
7, 188.679245,
7, 180.293503,
7, 177.777771,
7, 68.763100,
7, 292.662476,
7, 191.194962,
7, 185.324951,
7, 181.970657,
7, 180.293503,
7, 179.454926,
7, 189.517822,
7, 46.960167,
7, 303.563934,
7, 194.549271,
7, 188.679245,
7, 191.194962,
7, 180.293503,
7, 180.293503,
7, 179.454926,
7, 246.540878,
7, 274.213837,
7, 185.324951,
7, 181.132080,
7, 154.297699,
7, 115.723274,
8, 114.884697,
8, 114.884697,
8, 115.723274,
8, 114.884697,
8, 114.884697,
8, 129.140457,
8, 114.884697,
8, 114.046120,
8, 122.431870,
8, 119.077568,
8, 114.046120,
8, 128.301880,
8, 114.884697,
8, 115.723274,
8, 114.884697,
8, 114.046120,
8, 114.046120,
8, 114.046120,
8, 114.046120,
8, 114.046120,
8, 114.046120,
8, 437.735840,
8, 220.545074,
8, 872.117371,
8, 86.373169,
8, 3780.293457,
8, 161.844864,
8, 80.503143,
8, 93.081764,
8, 92.243187,
8, 92.243187,
8, 91.404610,
8, 90.566040,
8, 268.343811,
8, 78.825996,
8, 90.566040,
8, 90.566040,
8, 89.727463,
8, 90.566040,
8, 90.566040,
8, 91.404610,
8, 90.566040,
8, 90.566040,
8, 88.888885,
8, 99.790359,
8, 88.888885,
8, 98.951782,
8, 311.111115,
8, 77.987419,
8, 90.566040,
8, 102.306076,
8, 261.635223,
8, 88.888885,
8, 88.888885,
8, 89.727463,
8, 88.888885,
8, 91.404610,
8, 283.438141,
8, 76.310272,
8, 90.566040,
8, 90.566040,
8, 90.566040,
8, 270.020966,
8, 84.696014,
8, 90.566040,
8, 91.404610,
8, 264.150940,
8, 158.490570,
8, 80.503143,
8, 93.920334,
8, 90.566040,
8, 90.566040,
8, 264.989532,
8, 77.148849,
8, 114.884697,
8, 92.243187,
8, 91.404610,
8, 92.243187,
8, 90.566040,
8, 94.758911,
8, 99.790359,
8, 314.465424,
8, 76.310272,
8, 99.790359,
8, 295.178192,
8, 216.352203,
8, 181.132080,
8, 192.033539,
8, 184.486374,
8, 181.132080,
8, 81.341721,
8, 313.626831,
8, 207.127884,
8, 31.027254,
8, 97.274635,
8, 328.721161,
8, 187.002090,
8, 183.647797,
8, 182.809219,
8, 56.184486,
9, 299.371063,
9, 195.387848,
9, 187.002090,
9, 186.163528,
9, 181.132080,
9, 181.132080,
9, 181.132080,
9, 47.798740,
9, 307.756805,
9, 540.880493,
9, 214.675049,
9, 850.314453,
9, 2346.331299,
9, 100.628929,
9, 104.821800,
9, 104.821800,
9, 361.425568,
9, 186.163528,
9, 191.194962,
9, 71.278824,
9, 342.976929,
9, 171.069183,
9, 80.503143,
9, 89.727463,
9, 305.241089,
9, 194.549271,
9, 183.647797,
9, 182.809219,
9, 45.283020,
9, 308.595398,
9, 197.064987,
9, 194.549271,
9, 330.398315,
9, 168.553452,
9, 176.939209,
9, 192.033539,
9, 240.670853,
9, 190.356400,
9, 187.002090,
9, 187.002090,
9, 197.064987,
9, 176.939209,
9, 179.454926,
9, 180.293503,
9, 46.960167,
9, 303.563934,
9, 195.387848,
9, 188.679245,
9, 192.872116,
9, 182.809219,
9, 188.679245,
9, 181.970657,
9, 51.153038,
9, 306.079651,
9, 197.064987,
9, 187.002090,
9, 182.809219,
9, 210.482178,
9, 181.970657,
9, 182.809219,
9, 193.710693,
9, 188.679245,
9, 177.777771,
9, 189.517822,
9, 188.679245,
9, 180.293503,
9, 286.792450,
9, 186.163528,
9, 960.167725,
9, 2552.620605,
9, 120.754715,
9, 104.821800,
9, 297.693909,
9, 187.002090,
9, 183.647797,
9, 192.872116,
9, 188.679245,
9, 180.293503,
9, 200.419281,
9, 91.404610,
9, 268.343811,
9, 79.664574,
9, 244.025162,
9, 181.970657,
9, 182.809219,
9, 180.293503,
9, 181.132080,
9, 181.132080,
9, 46.960167,
9, 306.079651,
9, 195.387848,
9, 201.257858,
9, 192.872116,
9, 189.517822,
9, 177.777771,
9, 181.132080,
9, 39.412998,
9, 306.079651,
9, 207.966461,
9, 196.226410,
10, 194.549271,
10, 198.742142,
10, 177.777771,
10, 166.876312,
10, 231.446548,
10, 190.356400,
10, 178.616348,
10, 180.293503,
10, 180.293503,
10, 183.647797,
10, 181.132080,
10, 181.970657,
10, 201.257858,
10, 181.970657,
10, 177.777771,
10, 179.454926,
10, 180.293503,
10, 181.132080,
10, 181.132080,
10, 181.970657,
10, 193.710693,
10, 180.293503,
10, 221.383652,
10, 2514.884766,
10, 1077.568115,
10, 369.811310,
10, 71.278824,
10, 102.306076,
10, 306.918243,
10, 202.096436,
10, 191.194962,
10, 220.545074,
10, 175.262054,
10, 178.616348,
10, 180.293503,
10, 181.132080,
10, 181.132080,
10, 176.100632,
10, 180.293503,
10, 64.570229,
10, 314.465424,
10, 201.257858,
10, 186.163528,
10, 80.503143,
10, 96.436058,
10, 284.276733,
10, 190.356400,
10, 186.163528,
10, 162.683441,
10, 181.970657,
10, 193.710693,
10, 182.809219,
10, 181.970657,
10, 181.970657,
10, 183.647797,
10, 320.335419,
10, 104.821800,
10, 104.821800,
10, 115.723274,
10, 104.821800,
10, 104.821800,
10, 104.821800,
10, 135.010483,
10, 115.723274,
10, 114.884697,
10, 105.660378,
10, 106.498955,
10, 114.046120,
10, 114.884697,
10, 106.498955,
10, 149.266251,
10, 115.723274,
10, 104.821800,
10, 133.333328,
10, 98.951782,
10, 382.389923,
10, 104.821800,
10, 115.723274,
10, 106.498955,
10, 109.014671,
10, 105.660378,
10, 130.817612,
10, 104.821800,
10, 105.660378,
10, 127.463310,
10, 104.821800,
10, 104.821800,
10, 104.821800,
10, 104.821800,
10, 104.821800,
10, 105.660378,
10, 108.176102,
10, 115.723274,
10, 123.270439,
10, 105.660378,
10, 104.821800,
10, 114.884697,
10, 104.821800,
10, 104.821800,
10, 115.723274,
11, 117.400421,
11, 135.010483,
11, 466.247375,
11, 108.176102,
11, 119.077568,
11, 119.077568,
11, 118.238991,
11, 119.916145,
11, 118.238991,
11, 118.238991,
11, 324.528290,
11, 86.373169,
11, 254.926620,
11, 224.737946,
11, 737.945496,
11, 162.683441,
11, 181.970657,
11, 180.293503,
11, 187.002090,
11, 181.970657,
11, 179.454926,
11, 187.002090,
11, 59.538784,
11, 275.890991,
11, 98.113205,
11, 95.597481,
11, 94.758911,
11, 102.306076,
11, 94.758911,
11, 100.628929,
11, 275.890991,
11, 79.664574,
11, 101.467506,
11, 93.081764,
11, 93.081764,
11, 92.243187,
11, 92.243187,
11, 92.243187,
11, 110.691826,
11, 91.404610,
11, 93.920334,
11, 93.920334,
11, 93.081764,
11, 29.350105,
11, 92.243187,
11, 334.591187,
11, 80.503143,
11, 101.467506,
11, 102.306076,
11, 95.597481,
11, 93.081764,
11, 92.243187,
11, 291.823914,
11, 78.825996,
11, 91.404610,
11, 69.601677,
11, 124.947586,
11, 90.566040,
11, 270.859528,
11, 369.811310,
11, 83.018867,
11, 119.077568,
11, 93.081764,
11, 93.081764,
11, 102.306076,
11, 93.920334,
11, 63.731655,
11, 98.113205,
11, 300.209656,
11, 80.503143,
11, 113.207550,
11, 605.450745,
11, 181.132080,
11, 187.840668,
11, 183.647797,
11, 96.436058,
11, 326.205444,
11, 206.289307,
11, 197.903564,
11, 190.356400,
11, 206.289307,
11, 183.647797,
11, 177.777771,
11, 87.211739,
11, 336.268341,
11, 195.387848,
11, 188.679245,
11, 185.324951,
11, 184.486374,
11, 182.809219,
11, 181.970657,
11, 191.194962,
11, 176.100632,
11, 181.132080,
11, 194.549271,
11, 200.419281,
11, 206.289307,
11, 179.454926,
11, 175.262054,
11, 251.572327,
12, 187.002090,
12, 187.840668,
12, 275.052399,
12, 182.809219,
12, 1028.930786,
12, 56.184486,
12, 131.656189,
12, 320.335419,
12, 2882.180176,
12, 79.664574,
12, 302.725372,
12, 150.104828,
12, 83.857445,
12, 94.758911,
12, 98.951782,
12, 94.758911,
12, 286.792450,
12, 189.517822,
12, 186.163528,
12, 188.679245,
12, 200.419281,
12, 184.486374,
12, 203.773590,
12, 275.890991,
12, 177.777771,
12, 178.616348,
12, 181.970657,
12, 181.970657,
12, 51.153038,
12, 313.626831,
12, 199.580719,
12, 191.194962,
12, 198.742142,
12, 197.064987,
12, 184.486374,
12, 181.132080,
12, 78.825996,
12, 288.469604,
12, 210.482178,
12, 204.612152,
12, 200.419281,
12, 81.341721,
12, 96.436058,
12, 280.922424,
12, 189.517822,
12, 206.289307,
12, 184.486374,
12, 184.486374,
12, 182.809219,
12, 182.809219,
12, 182.809219,
12, 180.293503,
12, 181.132080,
12, 42.767296,
12, 331.236908,
12, 201.257858,
12, 185.324951,
12, 195.387848,
12, 181.970657,
12, 185.324951,
12, 224.737946,
12, 961.006287,
12, 195.387848,
12, 201.257858,
12, 188.679245,
12, 79.664574,
12, 933.333313,
12, 215.513626,
12, 83.857445,
12, 110.691826,
12, 275.890991,
12, 188.679245,
12, 186.163528,
12, 187.002090,
12, 182.809219,
12, 191.194962,
12, 183.647797,
12, 183.647797,
12, 182.809219,
12, 194.549271,
12, 180.293503,
12, 179.454926,
12, 180.293503,
12, 202.935013,
12, 182.809219,
12, 179.454926,
12, 181.132080,
12, 192.872116,
12, 180.293503,
12, 183.647797,
12, 194.549271,
12, 207.127884,
12, 189.517822,
12, 183.647797,
12, 191.194962,
12, 191.194962,
12, 180.293503,
12, 181.970657,
12, 181.970657,
12, 179.454926,
13, 183.647797,
13, 186.163528,
13, 177.777771,
13, 210.482178,
13, 184.486374,
13, 183.647797,
13, 183.647797,
13, 198.742142,
13, 183.647797,
13, 183.647797,
13, 180.293503,
13, 186.163528,
13, 176.939209,
13, 180.293503,
13, 182.809219,
13, 200.419281,
13, 190.356400,
13, 192.872116,
13, 181.970657,
13, 1968.134155,
13, 152.620544,
13, 87.211739,
13, 97.274635,
13, 313.626831,
13, 199.580719,
13, 194.549271,
13, 186.163528,
13, 187.840668,
13, 208.805038,
13, 200.419281,
13, 179.454926,
13, 185.324951,
13, 202.935013,
13, 179.454926,
13, 181.132080,
13, 181.970657,
13, 179.454926,
13, 185.324951,
13, 183.647797,
13, 183.647797,
13, 184.486374,
13, 183.647797,
13, 183.647797,
13, 183.647797,
13, 197.064987,
13, 183.647797,
13, 184.486374,
13, 184.486374,
13, 183.647797,
13, 167.714890,
13, 109.853249,
13, 109.853249,
13, 109.853249,
13, 109.853249,
13, 109.853249,
13, 109.853249,
13, 121.593292,
13, 119.916145,
13, 118.238991,
13, 134.171906,
13, 109.014671,
13, 109.014671,
13, 127.463310,
13, 119.916145,
13, 119.077568,
13, 117.400421,
13, 109.014671,
13, 109.014671,
13, 117.400421,
13, 109.014671,
13, 109.014671,
13, 119.077568,
13, 119.916145,
13, 128.301880,
13, 127.463310,
13, 109.853249,
13, 109.853249,
13, 119.077568,
13, 62.893082,
13, 493.081757,
13, 88.050316,
13, 109.853249,
13, 118.238991,
13, 109.853249,
13, 109.014671,
13, 118.238991,
13, 111.530396,
13, 109.853249,
13, 121.593292,
13, 109.853249,
13, 109.014671,
13, 109.853249,
13, 109.853249,
13, 128.301880,
13, 109.853249,
13, 117.400421,
13, 131.656189,
13, 252.410904,
13, 437.735840,
13, 122.431870,
14, 235.639420,
14, 126.624741,
14, 124.109016,
14, 124.109016,
14, 124.109016,
14, 129.979034,
14, 120.754715,
14, 614.675049,
14, 85.534592,
14, 96.436058,
14, 96.436058,
14, 97.274635,
14, 96.436058,
14, 303.563934,
14, 197.064987,
14, -13.417191,
14, 244.025162,
14, 1629.350098,
14, 93.081764,
14, 101.467506,
14, 297.693909,
14, 198.742142,
14, 179.454926,
14, 187.002090,
14, 197.903564,
14, 186.163528,
14, 83.857445,
14, 98.113205,
14, 103.983231,
14, 98.113205,
14, 98.113205,
14, 98.113205,
14, 95.597481,
14, 282.599579,
14, 83.018867,
14, 95.597481,
14, 94.758911,
14, 95.597481,
14, 103.983231,
14, 296.016785,
14, 79.664574,
14, 96.436058,
14, 98.951782,
14, 96.436058,
14, 97.274635,
14, 275.052399,
14, 84.696014,
14, 96.436058,
14, 96.436058,
14, 101.467506,
14, 301.886780,
14, 86.373169,
14, 150.104828,
14, 107.337524,
14, 82.180290,
14, 101.467506,
14, 305.241089,
14, 189.517822,
14, 83.857445,
14, 98.113205,
14, 286.792450,
14, 197.064987,
14, 186.163528,
14, 188.679245,
14, 202.096436,
14, 214.675049,
14, 187.840668,
14, 182.809219,
14, 80.503143,
14, 114.046120,
14, 288.469604,
14, 188.679245,
14, 231.446548,
14, 146.750519,
14, 199.580719,
14, 187.840668,
14, 181.970657,
14, 181.970657,
14, 198.742142,
14, 187.002090,
14, 184.486374,
14, 199.580719,
14, 184.486374,
14, 184.486374,
14, 184.486374,
14, 194.549271,
14, 181.132080,
14, 192.872116,
14, 2056.184570,
14, 93.081764,
14, 104.821800,
14, 307.756805,
14, 81.341721,
14, 96.436058,
14, 99.790359,
14, 137.526199,
14, 98.951782,
14, 1020.545044,
14, 181.132080,
14, 2466.247314,
15, 114.884697,
15, 323.689728,
15, 83.018867,
15, 98.951782,
15, 294.339630,
15, 212.997910,
15, 188.679245,
15, 186.163528,
15, 201.257858,
15, 203.773590,
15, 114.046120,
15, 106.498955,
15, 275.052399,
15, 191.194962,
15, 212.159332,
15, 187.002090,
15, 186.163528,
15, 185.324951,
15, 194.549271,
15, 205.450729,
15, 187.840668,
15, 185.324951,
15, 59.538784,
15, 312.788269,
15, 201.257858,
15, 192.872116,
15, 201.257858,
15, 189.517822,
15, 187.002090,
15, 186.163528,
15, 203.773590,
15, 182.809219,
15, 181.970657,
15, 183.647797,
15, 208.805038,
15, 193.710693,
15, 181.970657,
15, 183.647797,
15, 183.647797,
15, 196.226410,
15, 182.809219,
15, 187.840668,
15, 193.710693,
15, 187.002090,
15, 187.002090,
15, 186.163528,
15, 185.324951,
15, 186.163528,
15, 185.324951,
15, 190.356400,
15, 191.194962,
15, 233.962265,
15, 202.096436,
15, 1662.893066,
15, 260.796631,
15, 777.358521,
15, 1506.918213,
15, 597.903564,
15, 1137.106934,
15, 1063.312378,
15, 2457.022949,
15, 339.622650,
15, 195.387848,
15, 191.194962,
15, 192.033539,
15, 171.907761,
15, 183.647797,
15, 189.517822,
15, 206.289307,
15, 191.194962,
15, 188.679245,
15, 185.324951,
15, 183.647797,
15, 196.226410,
15, 181.970657,
15, 187.002090,
15, 201.257858,
15, 197.064987,
15, 181.970657,
15, 202.096436,
15, 181.970657,
15, 181.132080,
15, 182.809219,
15, 183.647797,
15, 220.545074,
15, 190.356400,
15, 173.584900,
15, 194.549271,
15, 195.387848,
15, 217.190781,
15, 87.211739,
15, 98.951782,
15, 830.188660,
15, 3041.509521,
15, 81.341721,
15, 63.731655,
15, 99.790359,
15, 837.735840,
15, 88.888885,
15, 97.274635,
16, 277.568146,
16, 191.194962,
16, 188.679245,
16, 187.840668,
16, 192.872116,
16, 347.169800,
16, 190.356400,
16, 188.679245,
16, 193.710693,
16, 196.226410,
16, 196.226410,
16, 182.809219,
16, 194.549271,
16, 193.710693,
16, 197.903564,
16, 195.387848,
16, 182.809219,
16, 184.486374,
16, 186.163528,
16, 196.226410,
16, 195.387848,
16, 245.702301,
16, 205.450729,
16, 183.647797,
16, 185.324951,
16, 186.163528,
16, 185.324951,
16, 195.387848,
16, 187.840668,
16, 238.993713,
16, 198.742142,
16, 183.647797,
16, 185.324951,
16, 329.559753,
16, 114.046120,
16, 113.207550,
16, 112.368973,
16, 112.368973,
16, 112.368973,
16, 113.207550,
16, 124.109016,
16, 112.368973,
16, 120.754715,
16, 104.821800,
16, 112.368973,
16, 135.849060,
16, 119.077568,
16, 120.754715,
16, 106.498955,
16, 110.691826,
16, 110.691826,
16, 119.077568,
16, 110.691826,
16, 124.947586,
16, 112.368973,
16, 111.530396,
16, 157.651993,
16, 111.530396,
16, 110.691826,
16, 140.041931,
16, 121.593292,
16, 111.530396,
16, 110.691826,
16, 110.691826,
16, 110.691826,
16, 138.364777,
16, 503.983215,
16, 320.335419,
16, 1225.995850,
16, 93.081764,
16, 2517.400391,
16, 92.243187,
16, 100.628929,
16, 100.628929,
16, 99.790359,
16, 276.729553,
16, 84.696014,
16, 98.951782,
16, 99.790359,
16, 98.113205,
16, 98.951782,
16, 98.113205,
16, 98.951782,
16, 98.113205,
16, 98.951782,
16, 107.337524,
16, 98.951782,
16, 120.754715,
16, 99.790359,
16, 91.404610,
16, 103.983231,
16, 346.331238,
16, 105.660378,
16, 100.628929,
16, 100.628929,
16, 100.628929,
16, 113.207550,
16, 121.593292,
16, 98.113205,
16, 98.951782,
17, 103.144653,
17, 99.790359,
17, 99.790359,
17, 98.951782,
17, 99.790359,
17, 98.951782,
17, 102.306076,
17, 70.440254,
17, 352.201263,
17, 87.211739,
17, 99.790359,
17, 98.951782,
17, 99.790359,
17, 98.951782,
17, 99.790359,
17, 99.790359,
17, 98.951782,
17, 98.951782,
17, 99.790359,
17, 98.951782,
17, 101.467506,
17, 103.144653,
17, 98.113205,
17, 98.951782,
17, 115.723274,
17, 99.790359,
17, 98.951782,
17, 98.113205,
17, 98.951782,
17, 365.618439,
17, 62.893082,
17, 98.951782,
17, 98.951782,
17, 98.113205,
17, 99.790359,
17, 98.951782,
17, 86.373169,
17, 98.113205,
17, 98.951782,
17, 98.113205,
17, 98.951782,
17, 98.113205,
17, 98.951782,
17, 98.951782,
17, 98.951782,
17, 338.784058,
17, 86.373169,
17, 109.014671,
17, 99.790359,
17, 98.951782,
17, 121.593292,
17, 74.633125,
17, 66.247383,
17, 106.498955,
17, 103.983231,
17, 124.947586,
17, 104.821800,
17, 775.681335,
17, 120.754715,
17, 104.821800,
17, 427.672943,
17, 82.180290,
17, 313.626831,
17, 201.257858,
17, 197.903564,
17, 192.872116,
17, 248.218033,
17, 193.710693,
17, 202.935013,
17, 206.289307,
17, 103.144653,
17, 293.501038,
17, 213.836472,
17, 194.549271,
17, 187.840668,
17, 187.840668,
17, 85.534592,
17, 102.306076,
17, 6206.289551,
17, 183.647797,
17, 885.534607,
17, 93.920334,
17, 2253.249512,
17, 186.163528,
17, 85.534592,
17, 102.306076,
17, 292.662476,
17, 221.383652,
17, 187.840668,
17, 187.840668,
17, 212.997910,
17, 192.872116,
17, 188.679245,
17, 187.002090,
17, 187.002090,
17, 187.002090,
17, 181.970657,
17, 185.324951,
17, 207.127884,
17, 188.679245,
18, 188.679245,
18, 187.840668,
18, 200.419281,
18, 182.809219,
18, 182.809219,
18, 194.549271,
18, 153.459122,
18, 317.819702,
18, 203.773590,
18, 193.710693,
18, 190.356400,
18, 199.580719,
18, 199.580719,
18, 188.679245,
18, 243.186584,
18, 199.580719,
18, 184.486374,
18, 187.002090,
18, 187.002090,
18, 202.935013,
18, 190.356400,
18, 189.517822,
18, 197.903564,
18, 192.033539,
18, 223.060791,
18, 91.404610,
18, 103.983231,
18, 964.360596,
18, 2260.796631,
18, 98.113205,
18, 270.020966,
18, 192.872116,
18, 193.710693,
18, 188.679245,
18, 198.742142,
18, 189.517822,
18, 188.679245,
18, 187.840668,
18, 188.679245,
18, 197.064987,
18, 194.549271,
18, 183.647797,
18, 221.383652,
18, 185.324951,
18, 56.184486,
18, 311.111115,
18, 231.446548,
18, 191.194962,
18, 192.033539,
18, 170.230606,
18, 225.576523,
18, 192.033539,
18, 192.033539,
18, 187.840668,
18, 187.840668,
18, 187.840668,
18, 187.002090,
18, 193.710693,
18, 207.127884,
18, 203.773590,
18, 186.163528,
18, 188.679245,
18, 187.840668,
18, 188.679245,
18, 185.324951,
18, 186.163528,
18, 220.545074,
18, 187.002090,
18, 210.482178,
18, 183.647797,
18, 185.324951,
18, 186.163528,
18, 189.517822,
18, 187.002090,
18, 201.257858,
18, 191.194962,
18, 188.679245,
18, 187.840668,
18, 187.840668,
18, 190.356400,
18, 227.253662,
18, 3179.874268,
18, 1008.805054,
18, 164.360580,
18, 90.566040,
18, 100.628929,
18, 289.308167,
18, 192.872116,
18, 196.226410,
18, 228.092239,
18, 176.939209,
18, 190.356400,
18, 246.540878,
18, 190.356400,
18, 188.679245,
18, 187.840668,
18, 187.840668,
18, 186.163528,
18, 195.387848,
18, 184.486374,
19, 201.257858,
19, 192.033539,
19, 191.194962,
19, 197.064987,
19, 184.486374,
19, 187.002090,
19, 199.580719,
19, 181.970657,
19, 182.809219,
19, 199.580719,
19, 197.064987,
19, 184.486374,
19, 90.566040,
19, 102.306076,
19, 280.083862,
19, 194.549271,
19, 190.356400,
19, 223.899368,
19, 185.324951,
19, 188.679245,
19, 188.679245,
19, 187.840668,
19, 187.840668,
19, 207.127884,
19, 179.454926,
19, 167.714890,
19, 185.324951,
19, 451.991608,
19, 115.723274,
19, 139.203354,
19, 123.270439,
19, 144.234802,
19, 114.046120,
19, 123.270439,
19, 124.947586,
19, 114.884697,
19, 133.333328,
19, 126.624741,
19, 142.557648,
19, 125.786163,
19, 119.916145,
19, 124.947586,
19, 124.947586,
19, 379.035645,
19, 242.348007,
19, 187.840668,
19, 866.247375,
19, 2742.138428,
19, 238.155136,
19, 176.100632,
19, 93.081764,
19, 109.853249,
19, 102.306076,
19, 185.324951,
19, 40.251572,
19, 101.467506,
19, 108.176102,
19, 102.306076,
19, 301.886780,
19, 92.243187,
19, 101.467506,
19, 101.467506,
19, 102.306076,
19, 99.790359,
19, 102.306076,
19, 108.176102,
19, 101.467506,
19, 101.467506,
19, 103.144653,
19, 101.467506,
19, 99.790359,
19, 101.467506,
19, 100.628929,
19, 102.306076,
19, 101.467506,
19, 101.467506,
19, 101.467506,
19, 107.337524,
19, 102.306076,
19, 633.123718,
19, 89.727463,
19, 101.467506,
19, 101.467506,
19, 103.983231,
19, 102.306076,
19, 102.306076,
19, 101.467506,
19, 101.467506,
19, 109.014671,
19, 101.467506,
19, 101.467506,
19, 100.628929,
19, 100.628929,
19, 100.628929,
19, 92.243187,
19, 100.628929,
19, 619.706482,
19, 89.727463,
19, 100.628929,
19, 104.821800,
20, 102.306076,
20, 114.884697,
20, 101.467506,
20, 101.467506,
20, 311.111115,
20, 88.888885,
20, 102.306076,
20, 103.144653,
20, 105.660378,
20, 270.020966,
20, 92.243187,
20, 110.691826,
20, 103.144653,
20, 103.144653,
20, 103.144653,
20, 106.498955,
20, 103.144653,
20, 131.656189,
20, 121.593292,
20, 363.941315,
20, 213.836472,
20, 79.664574,
20, 327.044037,
20, 208.805038,
20, 207.966461,
20, 221.383652,
20, 180.293503,
20, 312.788269,
20, 191.194962,
20, 88.888885,
20, 322.012573,
20, 206.289307,
20, 200.419281,
20, 194.549271,
20, 178.616348,
20, 70.440254,
20, 108.176102,
20, 278.406708,
20, 192.872116,
20, 192.033539,
20, 190.356400,
20, 192.872116,
20, 78.825996,
20, 467.085968,
20, 196.226410,
20, 867.924500,
20, 2313.626953,
20, 119.916145,
20, 325.366882,
20, 84.696014,
20, 104.821800,
20, 270.859528,
20, 98.113205,
20, 111.530396,
20, 615.513611,
20, 209.643600,
20, 274.213837,
20, 178.616348,
20, 189.517822,
20, 184.486374,
20, 186.163528,
20, 188.679245,
20, 187.840668,
20, 188.679245,
20, 257.442352,
20, 240.670853,
20, 190.356400,
20, 200.419281,
20, 197.064987,
20, 187.840668,
20, 197.903564,
20, 190.356400,
20, 262.473785,
20, 186.163528,
20, 194.549271,
20, 192.872116,
20, 183.647797,
20, 205.450729,
20, 187.840668,
20, 185.324951,
20, 172.746338,
20, 180.293503,
20, 181.970657,
20, 186.163528,
20, 201.257858,
20, 187.840668,
20, 185.324951,
20, 191.194962,
20, 169.392029,
20, 194.549271,
20, 98.951782,
20, 106.498955,
20, 311.949677,
20, 201.257858,
20, 201.257858,
20, 184.486374,
20, 97.274635,
20, 103.144653,
20, 264.150940,
20, 187.002090,
21, 189.517822,
21, 192.033539,
21, 238.993713,
21, 196.226410,
21, 883.018860,
21, 2349.685547,
21, 109.853249,
21, 105.660378,
21, 316.142548,
21, 180.293503,
21, 184.486374,
21, 189.517822,
21, 203.773590,
21, 198.742142,
21, 196.226410,
21, 186.163528,
21, 186.163528,
21, 170.230606,
21, 192.033539,
21, 189.517822,
21, 186.163528,
21, 187.840668,
21, 188.679245,
21, 186.163528,
21, 188.679245,
21, 177.777771,
21, 170.230606,
21, 190.356400,
21, 199.580719,
21, 186.163528,
21, 207.966461,
21, 186.163528,
21, 201.257858,
21, 168.553452,
21, 190.356400,
21, 194.549271,
21, 187.002090,
21, 137.526199,
21, 308.595398,
21, 210.482178,
21, 192.033539,
21, 169.392029,
21, 193.710693,
21, 184.486374,
21, 197.903564,
21, 197.903564,
21, 197.903564,
21, 196.226410,
21, 197.064987,
21, 166.876312,
21, 189.517822,
21, 194.549271,
21, 192.033539,
21, 95.597481,
21, 109.014671,
21, 280.922424,
21, 165.199158,
21, 93.920334,
21, 106.498955,
21, 362.264160,
21, 245.702301,
21, 882.180298,
21, 2471.278809,
21, 192.872116,
21, 89.727463,
21, 105.660378,
21, 281.761017,
21, 206.289307,
21, 190.356400,
21, 189.517822,
21, 251.572327,
21, 190.356400,
21, 186.163528,
21, 184.486374,
21, 187.840668,
21, 198.742142,
21, 198.742142,
21, 196.226410,
21, 173.584900,
21, 190.356400,
21, 207.127884,
21, 184.486374,
21, 188.679245,
21, 193.710693,
21, 189.517822,
21, 194.549271,
21, 171.069183,
21, 181.132080,
21, 187.002090,
21, 188.679245,
21, 188.679245,
21, 186.163528,
21, 188.679245,
21, 196.226410,
21, 170.230606,
21, 181.970657,
21, 186.163528,
21, 187.840668,
21, 394.968567,
21, 117.400421,
22, 127.463310,
22, 126.624741,
22, 145.911957,
22, 125.786163,
22, 126.624741,
22, 127.463310,
22, 125.786163,
22, 117.400421,
22, 367.295593,
22, 125.786163,
22, 117.400421,
22, 127.463310,
22, 129.979034,
22, 125.786163,
22, 118.238991,
22, 128.301880,
22, 128.301880,
22, 137.526199,
22, 118.238991,
22, 127.463310,
22, 103.983231,
22, 103.983231,
22, 103.983231,
22, 104.821800,
22, 104.821800,
22, 103.983231,
22, 103.983231,
22, 103.983231,
22, 129.979034,
22, 113.207550,
22, 130.817612,
22, 623.899353,
22, 94.758911,
22, 113.207550,
22, 105.660378,
22, 320.335419,
22, 1448.218018,
22, 57.023060,
22, 342.138367,
22, 3135.429688,
22, 85.534592,
22, 107.337524,
22, 102.306076,
22, 103.144653,
22, 104.821800,
22, 104.821800,
22, 105.660378,
22, 103.144653,
22, 104.821800,
22, 103.983231,
22, 104.821800,
22, 104.821800,
22, 104.821800,
22, 103.983231,
22, 103.983231,
22, 103.144653,
22, 106.498955,
22, 104.821800,
22, 374.004181,
22, 93.081764,
22, 104.821800,
22, 105.660378,
22, 103.983231,
22, 104.821800,
22, 104.821800,
22, 89.727463,
22, 104.821800,
22, 102.306076,
22, 57.861637,
22, 104.821800,
22, 103.983231,
22, 103.144653,
22, 328.721161,
22, 91.404610,
22, 103.144653,
22, 134.171906,
22, 96.436058,
22, 113.207550,
22, 103.144653,
22, 306.079651,
22, 88.888885,
22, 112.368973,
22, 106.498955,
22, 103.983231,
22, 108.176102,
22, 88.888885,
22, 293.501038,
22, 90.566040,
22, 105.660378,
22, 104.821800,
22, 104.821800,
22, 124.109016,
22, 105.660378,
22, 104.821800,
22, 104.821800,
22, 104.821800,
22, 109.014671,
22, 107.337524,
22, 355.555542,
22, 88.888885,
23, 117.400421,
23, 631.446533,
23, 219.706497,
23, 222.222229,
23, 204.612152,
23, 214.675049,
23, 199.580719,
23, 210.482178,
23, 195.387848,
23, 379.874207,
23, 407.547180,
23, 199.580719,
23, 197.903564,
23, 191.194962,
23, 191.194962,
23, 205.450729,
23, 187.002090,
23, 168.553452,
23, 192.033539,
23, 195.387848,
23, 186.163528,
23, 188.679245,
23, 200.419281,
23, 187.840668,
23, 187.002090,
23, 166.037735,
23, 280.922424,
23, 196.226410,
23, 892.243164,
23, 3516.142578,
23, 476.310272,
23, 100.628929,
23, 291.823914,
23, 95.597481,
23, 106.498955,
23, 292.662476,
23, 204.612152,
23, 195.387848,
23, 192.872116,
23, 192.872116,
23, 208.805038,
23, 187.002090,
23, 206.289307,
23, 181.970657,
23, 187.002090,
23, 207.966461,
23, 210.482178,
23, 205.450729,
23, 113.207550,
23, 235.639420,
23, 130.817612,
23, 1293.920288,
23, 181.132080,
23, 161.844864,
23, 561.006287,
23, 381.551361,
23, 1639.412964,
23, 291.823914,
23, 187.840668,
23, 163.522018,
23, 270.859528,
23, 238.993713,
23, 5771.069336,
23, 390.775696,
23, 180.293503,
23, 189.517822,
23, 132.494766,
23, 107.337524,
23, 662.473816,
23, 190.356400,
23, 2680.922363,
23, 111.530396,
23, 108.176102,
23, 288.469604,
23, 194.549271,
23, 199.580719,
23, 192.033539,
23, 232.285110,
23, 190.356400,
23, 182.809219,
23, 171.907761,
23, 99.790359,
23, 105.660378,
23, 311.111115,
23, 205.450729,
23, 196.226410,
23, 193.710693,
23, 192.033539,
23, 217.190781,
23, 181.132080,
23, 223.899368,
23, 186.163528,
23, 187.840668,
23, 190.356400,
23, 191.194962,
23, 191.194962,
23, 191.194962,
23, 191.194962,
23, 185.324951,
23, 186.163528,
24, 210.482178,
24, 198.742142,
24, 187.840668,
24, 201.257858,
24, 199.580719,
24, 198.742142,
24, 187.002090,
24, 196.226410,
24, 197.064987,
24, 190.356400,
24, 207.966461,
24, 208.805038,
24, 218.029343,
24, 192.872116,
24, 185.324951,
24, 185.324951,
24, 258.280914,
24, 196.226410,
24, 193.710693,
24, 193.710693,
24, 192.033539,
24, 204.612152,
24, 208.805038,
24, 228.930817,
24, 222.222229,
24, 853.668762,
24, 2286.792480,
24, 110.691826,
24, 355.555542,
24, 202.935013,
24, 194.549271,
24, 194.549271,
24, 192.872116,
24, 223.060791,
24, 188.679245,
24, 203.773590,
24, 196.226410,
24, 188.679245,
24, 190.356400,
24, 234.800842,
24, 1489.308228,
24, 135.010483,
24, 140.041931,
24, 192.033539,
24, 1033.123657,
24, 100.628929,
24, 269.182404,
24, 224.737946,
24, 192.033539,
24, 192.033539,
24, 208.805038,
24, 187.840668,
24, 191.194962,
24, 192.033539,
24, 192.872116,
24, 218.029343,
24, 196.226410,
24, 200.419281,
24, 189.517822,
24, 191.194962,
24, 192.872116,
24, 204.612152,
24, 202.935013,
24, 213.836472,
24, 199.580719,
24, 190.356400,
24, 201.257858,
24, 199.580719,
24, 200.419281,
24, 191.194962,
24, 192.033539,
24, 242.348007,
24, 188.679245,
24, 187.840668,
24, 190.356400,
24, 196.226410,
24, 287.631042,
24, 190.356400,
24, 1006.289307,
24, 2627.253662,
24, 117.400421,
24, 109.853249,
24, 322.012573,
24, 213.836472,
24, 192.033539,
24, 199.580719,
24, 186.163528,
24, 171.069183,
24, 124.947586,
24, 136.687637,
24, 124.109016,
24, 144.234802,
24, 124.947586,
24, 136.687637,
24, 136.687637,
24, 134.171906,
24, 137.526199,
24, 134.171906,
24, 136.687637,
24, 124.109016,
25, 135.010483,
25, 133.333328,
25, 134.171906,
25, 432.704407,
25, 123.270439,
25, 150.104828,
25, 133.333328,
25, 133.333328,
25, 135.010483,
25, 133.333328,
25, 123.270439,
25, 133.333328,
25, 151.781967,
25, 135.010483,
25, 144.234802,
25, 123.270439,
25, 356.394135,
25, 104.821800,
25, 286.792450,
25, 96.436058,
25, 116.561844,
25, 127.463310,
25, 111.530396,
25, 111.530396,
25, 110.691826,
25, 301.048218,
25, 98.113205,
25, 110.691826,
25, 157.651993,
25, 145.073380,
25, 129.140457,
25, 310.272522,
25, 100.628929,
25, 124.947586,
25, 112.368973,
25, 111.530396,
25, 114.046120,
25, 299.371063,
25, 98.113205,
25, 114.884697,
25, 110.691826,
25, 119.077568,
25, 110.691826,
25, 296.016785,
25, 98.113205,
25, 110.691826,
25, 101.467506,
25, 111.530396,
25, 111.530396,
25, 109.853249,
25, 110.691826,
25, 109.853249,
25, 357.232697,
25, 93.081764,
25, 109.014671,
25, 115.723274,
25, 109.014671,
25, 109.014671,
25, 109.014671,
25, 109.014671,
25, 303.563934,
25, 97.274635,
25, 112.368973,
25, 107.337524,
25, 109.014671,
25, 110.691826,
25, 149.266251,
25, 110.691826,
25, 129.140457,
25, 109.853249,
25, 119.077568,
25, 112.368973,
25, 109.014671,
25, 636.477966,
25, 93.081764,
25, 112.368973,
25, 299.371063,
25, 211.320755,
25, 208.805038,
25, 327.044037,
25, 202.935013,
25, 195.387848,
25, 189.517822,
25, 250.733749,
25, 192.033539,
25, 75.471695,
25, 327.882599,
25, 205.450729,
25, 202.096436,
25, 197.064987,
25, 193.710693,
25, 98.113205,
25, 111.530396,
25, 1028.930786,
25, 105.660378,
25, 313.626831,
25, 212.159332,
25, 197.064987,
25, 196.226410,
25, 199.580719,
26, 193.710693,
26, 200.419281,
26, 212.997910,
26, 189.517822,
26, 67.085953,
26, 334.591187,
26, 236.477982,
26, 201.257858,
26, 207.966461,
26, 96.436058,
26, 109.853249,
26, 316.142548,
26, 209.643600,
26, 204.612152,
26, 96.436058,
26, 290.146759,
26, 119.916145,
26, 115.723274,
26, 308.595398,
26, 99.790359,
26, 109.014671,
26, 296.016785,
26, 233.962265,
26, 176.939209,
26, 180.293503,
26, 143.396225,
26, 109.014671,
26, 283.438141,
26, 251.572327,
26, 197.903564,
26, 197.064987,
26, 212.159332,
26, 97.274635,
26, 108.176102,
26, 285.115295,
26, 93.920334,
26, 109.014671,
26, 301.048218,
26, 93.081764,
26, 108.176102,
26, 108.176102,
26, 283.438141,
26, 213.836472,
26, 233.962265,
26, 280.922424,
26, 200.419281,
26, 196.226410,
26, 195.387848,
26, 197.064987,
26, 224.737946,
26, 102.306076,
26, 1159.748413,
26, 1274.633179,
26, 2581.970703,
26, 107.337524,
26, 114.884697,
26, 109.853249,
26, 311.111115,
26, 181.970657,
26, 199.580719,
26, 93.081764,
26, 109.014671,
26, 109.014671,
26, 122.431870,
26, 498.951782,
26, 189.517822,
26, 197.064987,
26, 193.710693,
26, 193.710693,
26, 193.710693,
26, 193.710693,
26, 207.127884,
26, 205.450729,
26, 191.194962,
26, 192.033539,
26, 188.679245,
26, 98.951782,
26, 109.014671,
26, 339.622650,
26, 207.966461,
26, 201.257858,
26, 197.903564,
26, 194.549271,
26, 194.549271,
26, 97.274635,
26, 109.014671,
26, 1024.737915,
26, 93.920334,
26, 278.406708,
26, 94.758911,
26, 109.014671,
26, 270.020966,
26, 94.758911,
26, 110.691826,
26, 320.335419,
26, 208.805038,
26, 211.320755,
26, 199.580719,
26, 105.660378,
26, 109.014671,
27, 286.792450,
27, 93.920334,
27, 103.983231,
27, 296.016785,
27, 218.029343,
27, 194.549271,
27, 207.127884,
27, 209.643600,
27, 238.155136,
27, 269.182404,
27, 1916.142578,
27, 208.805038,
27, 179.454926,
27, 103.983231,
27, 970.230591,
27, 122.431870,
27, 337.106903,
27, 277.568146,
27, 107.337524,
27, 122.431870,
27, 1000.419312,
27, 103.983231,
27, 279.245270,
27, 201.257858,
27, 204.612152,
27, 3370.230713,
27, 101.467506,
27, 111.530396,
27, 313.626831,
27, 280.922424,
27, 201.257858,
27, 100.628929,
27, 120.754715,
27, 278.406708,
27, 200.419281,
27, 196.226410,
27, 204.612152,
27, 194.549271,
27, 198.742142,
27, 194.549271,
27, 194.549271,
27, 195.387848,
27, 203.773590,
27, 188.679245,
27, 192.033539,
27, 204.612152,
27, 206.289307,
27, 109.853249,
27, 112.368973,
27, 290.146759,
27, 116.561844,
27, 114.884697,
27, 277.568146,
27, 103.144653,
27, 138.364777,
27, 298.532501,
27, 98.113205,
27, 112.368973,
27, 118.238991,
27, 119.077568,
27, 558.490540,
27, 203.773590,
27, 200.419281,
27, 67.085953,
27, 285.953888,
27, 298.532501,
27, 1332.494751,
27, 182.809219,
27, 859.538757,
27, 104.821800,
27, 2496.436035,
27, 190.356400,
27, 100.628929,
27, 114.046120,
27, 272.536682,
27, 207.966461,
27, 203.773590,
27, 199.580719,
27, 204.612152,
27, 193.710693,
27, 196.226410,
27, 206.289307,
27, 181.132080,
27, 203.773590,
27, 197.903564,
27, 201.257858,
27, 195.387848,
27, 202.935013,
27, 192.872116,
27, 194.549271,
27, 194.549271,
27, 98.113205,
27, 133.333328,
27, 293.501038,
27, 232.285110,
27, 202.935013,
27, 192.872116,
27, 202.935013,
27, 192.872116,
27, 194.549271,
28, 202.096436,
28, 5609.224121,
28, 115.723274,
28, 122.431870,
28, 114.046120,
28, 291.823914,
28, 223.060791,
28, 246.540878,
28, 166.037735,
28, 148.427673,
28, 148.427673,
28, 132.494766,
28, 155.974838,
28, 129.979034,
28, 142.557648,
28, 137.526199,
28, 114.046120,
28, 385.744232,
28, 125.786163,
28, 116.561844,
28, 1260.377319,
28, 237.316559,
28, 2652.410889,
28, 138.364777,
28, 114.046120,
28, 116.561844,
28, 114.884697,
28, 114.884697,
28, 147.589096,
28, 117.400421,
28, 315.303986,
28, 102.306076,
28, 114.046120,
28, 114.884697,
28, 114.884697,
28, 114.884697,
28, 298.532501,
28, 101.467506,
28, 113.207550,
28, 113.207550,
28, 114.046120,
28, 113.207550,
28, 117.400421,
28, 121.593292,
28, 3639.413086,
28, 104.821800,
28, 117.400421,
28, 114.046120,
28, 119.077568,
28, 317.819702,
28, 82.180290,
28, 140.880508,
28, 129.140457,
28, 114.046120,
28, 291.823914,
28, 99.790359,
28, 114.046120,
28, 123.270439,
28, 114.046120,
28, 311.949677,
28, 97.274635,
28, 114.046120,
28, 1932.075439,
28, 114.046120,
28, 113.207550,
28, 113.207550,
28, 443.605865,
28, 121.593292,
28, 114.884697,
28, 344.654083,
28, 691.823914,
28, 229.769394,
28, 220.545074,
28, 436.897278,
28, 101.467506,
28, 114.046120,
28, 113.207550,
28, 176.100632,
28, 118.238991,
28, 348.846954,
28, 103.983231,
28, 142.557648,
28, 327.044037,
28, 223.060791,
28, 201.257858,
28, 197.903564,
28, 209.643600,
28, 233.123688,
28, 1272.117432,
28, 136.687637,
28, 116.561844,
28, 117.400421,
28, 307.756805,
28, 1138.784058,
28, 114.046120,
28, 348.846954,
28, 202.935013,
28, 205.450729,
28, 208.805038,
28, 195.387848,
29, 197.903564,
29, 76.310272,
29, 5033.962402,
29, 97.274635,
29, 112.368973,
29, 287.631042,
29, 204.612152,
29, 199.580719,
29, 197.903564,
29, 198.742142,
29, 196.226410,
29, 207.966461,
29, 195.387848,
29, 198.742142,
29, 197.903564,
29, 197.903564,
29, 201.257858,
29, 194.549271,
29, 194.549271,
29, 201.257858,
29, 194.549271,
29, 198.742142,
29, 203.773590,
29, 260.796631,
29, 192.872116,
29, 193.710693,
29, 194.549271,
29, 201.257858,
29, 195.387848,
29, 195.387848,
29, 204.612152,
29, 197.903564,
29, 202.935013,
29, 194.549271,
29, 203.773590,
29, 197.903564,
29, 194.549271,
29, 195.387848,
29, 196.226410,
29, 199.580719,
29, 134.171906,
29, 114.046120,
29, 282.599579,
29, 866.247375,
29, 3765.199219,
29, 105.660378,
29, 277.568146,
29, 208.805038,
29, 199.580719,
29, 198.742142,
29, 197.064987,
29, 197.064987,
29, 201.257858,
29, 194.549271,
29, 202.096436,
29, 197.064987,
29, 197.064987,
29, 197.064987,
29, 196.226410,
29, 196.226410,
29, 199.580719,
29, 197.903564,
29, 195.387848,
29, 204.612152,
29, 197.064987,
29, 195.387848,
29, 196.226410,
29, 196.226410,
29, 199.580719,
29, 195.387848,
29, 196.226410,
29, 206.289307,
29, 199.580719,
29, 221.383652,
29, 201.257858,
29, 197.903564,
29, 201.257858,
29, 197.064987,
29, 195.387848,
29, 200.419281,
29, 195.387848,
29, 196.226410,
29, 196.226410,
29, 203.773590,
29, 201.257858,
29, 195.387848,
29, 195.387848,
29, 196.226410,
29, 195.387848,
29, 195.387848,
29, 195.387848,
29, 195.387848,
29, 205.450729,
29, 244.863739,
29, 192.033539,
29, 864.570251,
29, 1751.781982,
29, 199.580719,
29, 384.905670,
29, 99.790359,
30, 117.400421,
30, 306.079651,
30, 203.773590,
30, 210.482178,
30, 199.580719,
30, 103.144653,
30, 155.974838,
30, 119.916145,
30, 345.492676,
30, 216.352203,
30, 206.289307,
30, 202.096436,
30, 200.419281,
30, 193.710693,
30, 204.612152,
30, 197.064987,
30, 197.064987,
30, 207.966461,
30, 202.096436,
30, 195.387848,
30, 197.064987,
30, 204.612152,
30, 200.419281,
30, 193.710693,
30, 197.064987,
30, 197.064987,
30, 205.450729,
30, 194.549271,
30, 196.226410,
30, 198.742142,
30, 202.096436,
30, 207.966461,
30, 195.387848,
30, 202.096436,
30, 202.935013,
30, 192.872116,
30, 197.064987,
30, 200.419281,
30, 213.836472,
30, 192.872116,
30, 197.064987,
30, 197.064987,
30, 196.226410,
30, 101.467506,
30, 140.880508,
30, 101.467506,
30, 117.400421,
30, 883.857422,
30, 135.849060,
30, 170.230606,
30, 1583.228516,
30, 91.404610,
30, 190.356400,
30, 311.111115,
30, 342.138367,
30, 1577.358521,
30, 730.398315,
30, 190.356400,
30, 193.710693,
30, 247.379456,
30, 889.727478,
30, 109.014671,
30, 287.631042,
30, 107.337524,
30, 119.077568,
30, 3459.119385,
30, 192.872116,
30, 106.498955,
30, 113.207550,
30, 118.238991,
30, 129.140457,
30, 115.723274,
30, 115.723274,
30, 308.595398,
30, 106.498955,
30, 117.400421,
30, 116.561844,
30, 135.849060,
30, 114.884697,
30, 124.109016,
30, 124.109016,
30, 116.561844,
30, 64.570229,
30, 126.624741,
30, 370.649902,
30, 103.983231,
30, 118.238991,
30, 118.238991,
30, 128.301880,
30, 90.566040,
30, 317.819702,
30, 101.467506,
30, 119.077568,
30, 125.786163,
30, 140.041931,
30, 319.496857,
30, 132.494766,
30, 171.907761,
30, 136.687637,
30, 147.589096,
31, 150.104828,
31, 142.557648,
31, 384.067078,
31, 124.109016,
31, 137.526199,
31, 134.171906,
31, 132.494766,
31, 345.492676,
31, 132.494766,
31, 216.352203,
31, 301.886780,
31, 342.976929,
31, 312.788269,
31, 150.943390,
31, 147.589096,
31, 145.911957,
31, 245.702301,
31, 367.295593,
31, 214.675049,
31, 124.947586,
31, 729.559753,
31, 133.333328,
31, 116.561844,
31, 124.109016,
31, 337.945496,
31, 110.691826,
31, 135.849060,
31, 131.656189,
31, 119.916145,
31, 317.819702,
31, 119.916145,
31, 138.364777,
31, 127.463310,
31, 298.532501,
31, 118.238991,
31, 139.203354,
31, 118.238991,
31, 1443.186523,
31, 125.786163,
31, 290.985321,
31, 121.593292,
31, 332.075470,
31, 218.867920,
31, 214.675049,
31, 213.836472,
31, 194.549271,
31, 78.825996,
31, 318.658295,
31, 404.192871,
31, 601.257874,
31, 345.492676,
31, 301.886780,
31, 197.064987,
31, 137.526199,
31, 296.855347,
31, 228.930817,
31, 135.010483,
31, 151.781967,
31, 309.433960,
31, 214.675049,
31, 222.222229,
31, 2259.958008,
31, 138.364777,
31, 314.465424,
31, 115.723274,
31, 141.719070,
31, 137.526199,
31, 134.171906,
31, 133.333328,
31, 134.171906,
31, 597.903564,
31, 238.993713,
31, 90.566040,
31, 126.624741,
31, 309.433960,
31, 212.997910,
31, 200.419281,
31, 106.498955,
31, 122.431870,
31, 116.561844,
31, 132.494766,
31, 111.530396,
31, 300.209656,
31, 103.144653,
31, 116.561844,
31, 317.819702,
31, 202.096436,
31, 203.773590,
31, 254.088043,
31, 120.754715,
31, 148.427673,
31, 183.647797,
31, 139.203354,
31, 375.681335,
31, 173.584900,
31, 167.714890,
31, 327.882599,
31, 70.440254,
31, 2853.668701,
31, 221.383652,
32, 192.033539,
32, 112.368973,
32, 119.077568,
32, 124.947586,
32, 122.431870,
32, 326.205444,
32, 214.675049,
32, 207.127884,
32, 188.679245,
32, 307.756805,
32, 212.997910,
32, 204.612152,
32, 105.660378,
32, 133.333328,
32, 288.469604,
32, 203.773590,
32, 205.450729,
32, 221.383652,
32, 382.389923,
32, 109.014671,
32, 123.270439,
32, 117.400421,
32, 116.561844,
32, 301.886780,
32, 205.450729,
32, 207.966461,
32, 228.930817,
32, 144.234802,
32, 357.232697,
32, 189.517822,
32, 193.710693,
32, 198.742142,
32, 197.064987,
32, 198.742142,
32, 199.580719,
32, 210.482178,
32, 197.903564,
32, 198.742142,
32, 199.580719,
32, 164.360580,
32, 197.903564,
32, 105.660378,
32, 116.561844,
32, 294.339630,
32, 90.566040,
32, 324.528290,
32, 218.029343,
32, 207.966461,
32, 209.643600,
32, 199.580719,
32, 199.580719,
32, 199.580719,
32, 207.966461,
32, 200.419281,
